{"label": ["Manhattan", "VendorID_2", "VendorID_1", "Brooklyn", "VendorID_2", "VendorID_1", "Staten Island", "VendorID_2", "VendorID_1", "Queens", "VendorID_1", "VendorID_2", "Bronx", "VendorID_1", "VendorID_2", "VendorID_2", "Jan", "Feb", "Mar", "Apr", "May", "Jun", "Jul", "Aug", "Sep", "Oct", "Nov", "Dec", "VendorID_1", "Jan", "Feb", "Mar", "Apr", "May", "Jun", "Jul", "Aug", "Sep", "Oct", "Nov", "Dec", "Jan", "Winter", "Feb", "Winter", "Mar", "Spring", "Apr", "Spring", "May", "Spring", "Jun", "Summer", "Jul", "Summer", "Aug", "Summer", "Sep", "Fall", "Oct", "Fall", "Nov", "Fall", "Dec", "Winter", "Winter", "Sat", "Sun", "Mon", "Tue", "Wed", "Thu", "Fri", "Spring", "Tue", "Wed", "Thu", "Fri", "Sat", "Sun", "Mon", "Summer", "Wed", "Thu", "Fri", "Sat", "Sun", "Mon", "Tue", "Fall", "Thu", "Fri", "Sat", "Sun", "Mon", "Tue", "Wed", "Sat", "has_snow_False", "has_snow_True", "Sun", "has_snow_True", "has_snow_False", "Mon", "has_snow_False", "has_snow_True", "Tue", "has_snow_False", "has_snow_True", "Wed", "has_snow_False", "has_snow_True", "Thu", "has_snow_False", "has_snow_True", "Fri", "has_snow_False", "has_snow_True", "has_snow_False", "has_rain_False", "has_rain_True", "has_snow_True", "has_rain_True", "has_rain_False", "has_rain_False", 1, 2, 3, 4, 5, 6, 0, 7, "has_rain_True", 1, 5, 3, 0, 2, 4, 6], "source": [0, 0, 3, 3, 6, 6, 9, 9, 12, 12, 1, 1, 1, 1, 1, 1, 1, 1, 1, 1, 1, 1, 2, 2, 2, 2, 2, 2, 2, 2, 2, 2, 2, 2, 16, 17, 18, 19, 20, 21, 22, 23, 24, 25, 26, 27, 42, 42, 42, 42, 42, 42, 42, 46, 46, 46, 46, 46, 46, 46, 52, 52, 52, 52, 52, 52, 52, 58, 58, 58, 58, 58, 58, 58, 66, 66, 67, 67, 68, 68, 69, 69, 70, 70, 71, 71, 72, 72, 98, 98, 99, 99, 119, 119, 119, 119, 119, 119, 119, 119, 120, 120, 120, 120, 120, 120, 120], "target": [1, 2, 1, 2, 1, 2, 2, 1, 2, 1, 16, 17, 18, 19, 20, 21, 22, 23, 24, 25, 26, 27, 16, 17, 18, 19, 20, 21, 22, 23, 24, 25, 26, 27, 42, 42, 46, 46, 46, 52, 52, 52, 58, 58, 58, 42, 66, 67, 68, 69, 70, 71, 72, 69, 70, 71, 72, 66, 67, 68, 70, 71, 72, 66, 67, 68, 69, 71, 72, 66, 67, 68, 69, 70, 98, 99, 99, 98, 98, 99, 98, 99, 98, 99, 98, 99, 98, 99, 119, 120, 120, 119, 125, 126, 127, 128, 129, 130, 131, 132, 125, 129, 127, 131, 126, 128, 130], "value": [9400885.09, 3778939.6199999996, 9400885.09, 3778939.6199999996, 9400885.09, 3778939.6199999996, 3778939.6199999996, 9400885.09, 3778939.6199999996, 9400885.09, 1008470.98, 1048286.9299999999, 1069117.81, 1095462.63, 1110368.32, 1103666.8299999998, 1084663.17, 1094468.34, 1137956.7699999998, 1117069.77, 1114679.71, 1195613.45, 1008470.98, 1048286.9299999999, 1069117.81, 1095462.63, 1110368.32, 1103666.8299999998, 1084663.17, 1094468.34, 1137956.7699999998, 1117069.77, 1114679.71, 1195613.45, 3252371.3599999994, 3252371.3599999994, 3274948.7599999993, 3274948.7599999993, 3274948.7599999993, 3282798.34, 3282798.34, 3282798.34, 3369706.2499999995, 3369706.2499999995, 3369706.2499999995, 3252371.3599999994, 1872529.2999999998, 1574442.98, 1680860.6600000001, 1933628.1400000001, 2016332.8199999998, 2082277.7000000002, 2019753.1099999999, 1933628.1400000001, 2016332.8199999998, 2082277.7000000002, 2019753.1099999999, 1872529.2999999998, 1574442.98, 1680860.6600000001, 2016332.8199999998, 2082277.7000000002, 2019753.1099999999, 1872529.2999999998, 1574442.98, 1680860.6600000001, 1933628.1400000001, 2082277.7000000002, 2019753.1099999999, 1872529.2999999998, 1574442.98, 1680860.6600000001, 1933628.1400000001, 2016332.8199999998, 11881861.619999997, 1297963.0899999999, 1297963.0899999999, 11881861.619999997, 11881861.619999997, 1297963.0899999999, 11881861.619999997, 1297963.0899999999, 11881861.619999997, 1297963.0899999999, 11881861.619999997, 1297963.0899999999, 11881861.619999997, 1297963.0899999999, 8200213.610000001, 4979611.099999999, 4979611.099999999, 8200213.610000001, 9749666.569999998, 1997579.27, 532235.9, 244502.77000000002, 240215.3, 161303.0, 254318.4, 3.5, 9749666.569999998, 240215.3, 532235.9, 254318.4, 1997579.27, 244502.77000000002, 161303.0], "link_colors": ["rgba(192, 186, 106, 0.8)", "rgba(164, 250, 42, 0.8)", "rgba(212, 147, 50, 0.8)", "rgba(240, 107, 1, 0.8)", "rgba(234, 190, 111, 0.8)", "rgba(87, 44, 157, 0.8)", "rgba(131, 102, 76, 0.8)", "rgba(147, 186, 176, 0.8)", "rgba(31, 49, 147, 0.8)", "rgba(87, 117, 52, 0.8)", "rgba(153, 229, 118, 0.8)", "rgba(117, 76, 213, 0.8)", "rgba(178, 121, 44, 0.8)", "rgba(128, 192, 176, 0.8)", "rgba(95, 207, 8, 0.8)", "rgba(29, 62, 120, 0.8)", "rgba(38, 134, 15, 0.8)", "rgba(138, 218, 89, 0.8)", "rgba(225, 67, 6, 0.8)", "rgba(202, 19, 253, 0.8)", "rgba(67, 89, 70, 0.8)", "rgba(236, 208, 37, 0.8)", "rgba(139, 241, 33, 0.8)", "rgba(136, 69, 185, 0.8)", "rgba(250, 88, 142, 0.8)", "rgba(51, 85, 26, 0.8)", "rgba(177, 74, 121, 0.8)", "rgba(2, 59, 47, 0.8)", "rgba(156, 189, 119, 0.8)", "rgba(26, 106, 123, 0.8)", "rgba(111, 93, 101, 0.8)", "rgba(61, 104, 15, 0.8)", "rgba(51, 136, 15, 0.8)", "rgba(250, 79, 50, 0.8)", "rgba(186, 86, 62, 0.8)", "rgba(184, 176, 161, 0.8)", "rgba(94, 122, 147, 0.8)", "rgba(233, 35, 149, 0.8)", "rgba(68, 41, 32, 0.8)", "rgba(173, 61, 40, 0.8)", "rgba(70, 143, 246, 0.8)", "rgba(46, 222, 4, 0.8)", "rgba(191, 98, 227, 0.8)", "rgba(190, 182, 66, 0.8)", "rgba(218, 108, 10, 0.8)", "rgba(177, 245, 108, 0.8)", "rgba(247, 29, 200, 0.8)", "rgba(17, 170, 227, 0.8)", "rgba(67, 64, 245, 0.8)", "rgba(184, 152, 58, 0.8)", "rgba(228, 52, 128, 0.8)", "rgba(131, 23, 49, 0.8)", "rgba(253, 249, 89, 0.8)", "rgba(60, 35, 17, 0.8)", "rgba(210, 98, 43, 0.8)", "rgba(62, 88, 129, 0.8)", "rgba(239, 90, 89, 0.8)", "rgba(102, 33, 39, 0.8)", "rgba(143, 37, 252, 0.8)", "rgba(248, 29, 124, 0.8)", "rgba(252, 106, 34, 0.8)", "rgba(152, 79, 207, 0.8)", "rgba(187, 225, 33, 0.8)", "rgba(252, 87, 133, 0.8)", "rgba(201, 207, 170, 0.8)", "rgba(161, 41, 240, 0.8)", "rgba(207, 84, 150, 0.8)", "rgba(152, 248, 101, 0.8)", "rgba(123, 19, 231, 0.8)", "rgba(65, 216, 77, 0.8)", "rgba(133, 93, 211, 0.8)", "rgba(27, 57, 83, 0.8)", "rgba(156, 168, 110, 0.8)", "rgba(56, 137, 219, 0.8)", "rgba(87, 168, 28, 0.8)", "rgba(9, 255, 173, 0.8)", "rgba(215, 40, 47, 0.8)", "rgba(69, 50, 129, 0.8)", "rgba(199, 1, 57, 0.8)", "rgba(59, 141, 26, 0.8)", "rgba(100, 134, 245, 0.8)", "rgba(64, 250, 164, 0.8)", "rgba(0, 52, 192, 0.8)", "rgba(101, 127, 36, 0.8)", "rgba(80, 188, 237, 0.8)", "rgba(227, 151, 64, 0.8)", "rgba(103, 62, 213, 0.8)", "rgba(96, 144, 185, 0.8)", "rgba(249, 93, 30, 0.8)", "rgba(241, 188, 244, 0.8)", "rgba(31, 7, 251, 0.8)", "rgba(19, 103, 106, 0.8)", "rgba(135, 12, 238, 0.8)", "rgba(19, 46, 204, 0.8)", "rgba(109, 230, 24, 0.8)", "rgba(200, 157, 161, 0.8)", "rgba(94, 82, 49, 0.8)", "rgba(247, 56, 26, 0.8)", "rgba(204, 188, 225, 0.8)", "rgba(209, 90, 220, 0.8)", "rgba(161, 84, 110, 0.8)", "rgba(121, 177, 225, 0.8)", "rgba(244, 201, 2, 0.8)", "rgba(63, 48, 208, 0.8)", "rgba(101, 125, 205, 0.8)", "rgba(196, 201, 209, 0.8)", "rgba(124, 224, 27, 0.8)", "rgba(92, 3, 62, 0.8)", "rgba(254, 132, 143, 0.8)", "rgba(175, 119, 78, 0.8)", "rgba(164, 87, 30, 0.8)", "rgba(130, 60, 255, 0.8)", "rgba(13, 39, 85, 0.8)", "rgba(17, 118, 236, 0.8)", "rgba(208, 40, 43, 0.8)", "rgba(80, 139, 11, 0.8)", "rgba(250, 41, 213, 0.8)", "rgba(213, 201, 29, 0.8)", "rgba(212, 245, 154, 0.8)", "rgba(222, 100, 241, 0.8)", "rgba(32, 95, 102, 0.8)", "rgba(114, 225, 237, 0.8)", "rgba(31, 189, 179, 0.8)", "rgba(65, 115, 35, 0.8)", "rgba(211, 161, 237, 0.8)", "rgba(250, 90, 69, 0.8)", "rgba(157, 200, 33, 0.8)", "rgba(146, 41, 212, 0.8)", "rgba(110, 164, 104, 0.8)", "rgba(7, 96, 229, 0.8)", "rgba(10, 81, 172, 0.8)", "rgba(130, 41, 114, 0.8)", "rgba(197, 27, 148, 0.8)", "rgba(95, 50, 251, 0.8)", "rgba(189, 76, 240, 0.8)", "rgba(218, 202, 217, 0.8)", "rgba(254, 172, 36, 0.8)", "rgba(152, 147, 198, 0.8)", "rgba(96, 187, 167, 0.8)", "rgba(28, 181, 26, 0.8)", "rgba(136, 220, 99, 0.8)", "magenta", "rgba(227, 119, 194, 0.8)"],